{"cameraMode":{"drawMode":0,"name":"Shaded","section":"Shading Mode"},"sceneLighting":false,"audioPlay":false,"sceneViewState":{"m_AlwaysRefresh":false,"showFog":true,"showSkybox":false,"showFlares":true,"showImageEffects":true,"showParticleSystems":true,"showVisualEffectGraphs":true,"m_FxEnabled":true},"in2DMode":false,"pivot":{"x":-0.4550308883190155,"y":0.8176581859588623,"z":-0.60151207447052},"rotation":{"x":0.014671568758785725,"y":-0.9071336388587952,"z":0.03156647831201553,"w":0.4200078547000885},"size":1.4517273902893067,"orthographic":false}