{"cameraMode":{"drawMode":0,"name":"Shaded","section":"Shading Mode"},"sceneLighting":false,"audioPlay":false,"sceneViewState":{"m_AlwaysRefresh":false,"showFog":true,"showSkybox":false,"showFlares":true,"showImageEffects":true,"showParticleSystems":true,"showVisualEffectGraphs":true,"m_FxEnabled":true},"in2DMode":false,"pivot":{"x":0.7300003170967102,"y":99.58558654785156,"z":55.92015075683594},"rotation":{"x":-0.10211744159460068,"y":-0.01708178035914898,"z":0.0018022519070655108,"w":-0.9946610927581787},"size":3.1357240676879885,"orthographic":false}