{"cameraMode":{"drawMode":0,"name":"Shaded","section":"Shading Mode"},"sceneLighting":false,"audioPlay":false,"sceneViewState":{"m_AlwaysRefresh":false,"showFog":true,"showSkybox":false,"showFlares":true,"showImageEffects":true,"showParticleSystems":true,"showVisualEffectGraphs":true,"m_FxEnabled":true},"in2DMode":false,"pivot":{"x":3.2705557346343996,"y":-0.28981631994247439,"z":9.083372116088868},"rotation":{"x":0.1407877504825592,"y":0.02737751230597496,"z":-0.003918325062841177,"w":0.9896714687347412},"size":3.5952858924865724,"orthographic":false}