{"cameraMode":{"drawMode":0,"name":"Shaded","section":"Shading Mode"},"sceneLighting":false,"audioPlay":false,"sceneViewState":{"m_AlwaysRefresh":false,"showFog":true,"showSkybox":false,"showFlares":true,"showImageEffects":true,"showParticleSystems":true,"showVisualEffectGraphs":true,"m_FxEnabled":true},"in2DMode":false,"pivot":{"x":0.01763981580734253,"y":0.00547480583190918,"z":0.022185206413269044},"rotation":{"x":0.15446773171424867,"y":-0.42322418093681338,"z":0.07347720861434937,"w":0.8897334933280945},"size":4.096342086791992,"orthographic":false}