{"cameraMode":{"drawMode":0,"name":"Shaded","section":"Shading Mode"},"sceneLighting":true,"audioPlay":false,"sceneViewState":{"m_AlwaysRefresh":false,"showFog":true,"showSkybox":true,"showFlares":true,"showImageEffects":true,"showParticleSystems":true,"showVisualEffectGraphs":true,"m_FxEnabled":true},"in2DMode":false,"pivot":{"x":1008.2485961914063,"y":76.07003021240235,"z":881.1253051757813},"rotation":{"x":-0.04427943006157875,"y":0.0682854875922203,"z":-0.0030492760706692936,"w":-0.9966914653778076},"size":0.8660253882408142,"orthographic":false}