{"cameraMode":{"drawMode":0,"name":"Shaded","section":"Shading Mode"},"sceneLighting":false,"audioPlay":false,"sceneViewState":{"m_AlwaysRefresh":false,"showFog":true,"showSkybox":false,"showFlares":true,"showImageEffects":true,"showParticleSystems":true,"showVisualEffectGraphs":true,"m_FxEnabled":true},"in2DMode":false,"pivot":{"x":-0.1933639645576477,"y":0.5989185571670532,"z":0.9654971361160278},"rotation":{"x":0.0016353544779121876,"y":0.9498999118804932,"z":-0.3130340278148651,"w":0.01111250277608633},"size":0.8291563391685486,"orthographic":false}