{"cameraMode":{"drawMode":0,"name":"Shaded","section":"Shading Mode"},"sceneLighting":false,"audioPlay":false,"sceneViewState":{"m_AlwaysRefresh":false,"showFog":true,"showSkybox":false,"showFlares":true,"showImageEffects":true,"showParticleSystems":true,"showVisualEffectGraphs":true,"m_FxEnabled":true},"in2DMode":false,"pivot":{"x":118.27791595458985,"y":14.067359924316407,"z":642.2825927734375},"rotation":{"x":0.22680224478244782,"y":0.42425423860549929,"z":-0.1114390417933464,"w":0.8702607154846191},"size":0.8660253882408142,"orthographic":false}