{"cameraMode":{"drawMode":0,"name":"Shaded","section":"Shading Mode"},"sceneLighting":false,"audioPlay":false,"sceneViewState":{"m_AlwaysRefresh":false,"showFog":true,"showSkybox":false,"showFlares":true,"showImageEffects":true,"showParticleSystems":true,"showVisualEffectGraphs":true,"m_FxEnabled":true},"in2DMode":false,"pivot":{"x":-0.006675356533378363,"y":0.02322813682258129,"z":0.4905862808227539},"rotation":{"x":-0.0012030850630253554,"y":0.9916991591453552,"z":-0.12955598533153535,"w":-0.0010669813491404057},"size":0.7526193261146545,"orthographic":false}