{"cameraMode":{"drawMode":0,"name":"Shaded","section":"Shading Mode"},"sceneLighting":false,"audioPlay":false,"sceneViewState":{"m_AlwaysRefresh":false,"showFog":true,"showSkybox":false,"showFlares":true,"showImageEffects":true,"showParticleSystems":true,"showVisualEffectGraphs":true,"m_FxEnabled":true},"in2DMode":false,"pivot":{"x":-0.36036908626556399,"y":0.0065642595291137699,"z":-0.27422165870666506},"rotation":{"x":0.15446773171424867,"y":-0.42322418093681338,"z":0.07347720861434937,"w":0.8897334933280945},"size":6.246734619140625,"orthographic":false}