{"cameraMode":{"drawMode":0,"name":"Shaded","section":"Shading Mode"},"sceneLighting":false,"audioPlay":false,"sceneViewState":{"m_AlwaysRefresh":false,"showFog":true,"showSkybox":false,"showFlares":true,"showImageEffects":true,"showParticleSystems":true,"showVisualEffectGraphs":true,"m_FxEnabled":true},"in2DMode":false,"pivot":{"x":0.08990955352783203,"y":-0.2477363646030426,"z":0.2812448740005493},"rotation":{"x":0.040144383907318118,"y":0.825996458530426,"z":-0.058271005749702457,"w":0.5594614744186401},"size":2.598076105117798,"orthographic":false}