{"cameraMode":{"drawMode":0,"name":"Shaded","section":"Shading Mode"},"sceneLighting":false,"audioPlay":false,"sceneViewState":{"m_AlwaysRefresh":false,"showFog":true,"showSkybox":false,"showFlares":true,"showImageEffects":true,"showParticleSystems":true,"showVisualEffectGraphs":true,"m_FxEnabled":true},"in2DMode":false,"pivot":{"x":118.34366607666016,"y":15.218189239501954,"z":640.0498046875},"rotation":{"x":-0.2116982340812683,"y":0.0008948137401603162,"z":-0.00017952470807358623,"w":-0.9773458242416382},"size":0.8660253882408142,"orthographic":false}