{"cameraMode":{"drawMode":0,"name":"Shaded","section":"Shading Mode"},"sceneLighting":false,"audioPlay":false,"sceneViewState":{"m_AlwaysRefresh":false,"showFog":true,"showSkybox":false,"showFlares":true,"showImageEffects":true,"showParticleSystems":true,"showVisualEffectGraphs":true,"m_FxEnabled":true},"in2DMode":false,"pivot":{"x":118.27791595458985,"y":14.067359924316407,"z":642.2825927734375},"rotation":{"x":0.06731591373682022,"y":-0.3858749270439148,"z":-0.028574956580996515,"w":-0.9197285175323486},"size":0.8660253882408142,"orthographic":false}