{"cameraMode":{"drawMode":0,"name":"Shaded","section":"Shading Mode"},"sceneLighting":false,"audioPlay":false,"sceneViewState":{"m_AlwaysRefresh":false,"showFog":true,"showSkybox":false,"showFlares":true,"showImageEffects":true,"showParticleSystems":true,"showVisualEffectGraphs":true,"m_FxEnabled":true},"in2DMode":false,"pivot":{"x":62.297813415527347,"y":61.848045349121097,"z":-72.17369079589844},"rotation":{"x":-0.0009119823225773871,"y":-0.9713355302810669,"z":0.0031833157408982517,"w":-0.23814721405506135},"size":39.5447883605957,"orthographic":false}