{"cameraMode":{"drawMode":0,"name":"Shaded","section":"Shading Mode"},"sceneLighting":false,"audioPlay":false,"sceneViewState":{"m_AlwaysRefresh":false,"showFog":true,"showSkybox":false,"showFlares":true,"showImageEffects":true,"showParticleSystems":true,"showVisualEffectGraphs":true,"m_FxEnabled":true},"in2DMode":false,"pivot":{"x":0.5839783549308777,"y":0.8136088848114014,"z":2.222668409347534},"rotation":{"x":-0.0371815487742424,"y":-0.025665633380413057,"z":-0.0009404362645000219,"w":0.9992319941520691},"size":2.183253049850464,"orthographic":false}