{"cameraMode":{"drawMode":0,"name":"Shaded","section":"Shading Mode"},"sceneLighting":false,"audioPlay":false,"sceneViewState":{"m_AlwaysRefresh":false,"showFog":true,"showSkybox":false,"showFlares":true,"showImageEffects":true,"showParticleSystems":true,"showVisualEffectGraphs":true,"m_FxEnabled":true},"in2DMode":false,"pivot":{"x":3.5399999618530275,"y":0.6509627103805542,"z":4.889999866485596},"rotation":{"x":0.09068109095096588,"y":0.8911305069923401,"z":-0.2026079297065735,"w":0.39609014987945559},"size":0.8609586358070374,"orthographic":false}