{"cameraMode":{"drawMode":0,"name":"Shaded","section":"Shading Mode"},"sceneLighting":false,"audioPlay":false,"sceneViewState":{"m_AlwaysRefresh":false,"showFog":true,"showSkybox":false,"showFlares":true,"showImageEffects":true,"showParticleSystems":true,"showVisualEffectGraphs":true,"m_FxEnabled":true},"in2DMode":false,"pivot":{"x":-0.1532273292541504,"y":0.04117560386657715,"z":-0.08512985706329346},"rotation":{"x":0.15446773171424867,"y":-0.42322418093681338,"z":0.07347720861434937,"w":0.8897334933280945},"size":3.950641393661499,"orthographic":false}