{"cameraMode":{"drawMode":0,"name":"Shaded","section":"Shading Mode"},"sceneLighting":false,"audioPlay":false,"sceneViewState":{"m_AlwaysRefresh":false,"showFog":true,"showSkybox":false,"showFlares":true,"showImageEffects":true,"showParticleSystems":true,"showVisualEffectGraphs":true,"m_FxEnabled":true},"in2DMode":false,"pivot":{"x":0.21100282669067384,"y":1.6395375728607178,"z":-3.5536632537841799},"rotation":{"x":-0.03504536673426628,"y":-0.26080358028411868,"z":0.009469148702919484,"w":-0.9647184610366821},"size":2.126616954803467,"orthographic":false}