{"cameraMode":{"drawMode":0,"name":"Shaded","section":"Shading Mode"},"sceneLighting":false,"audioPlay":false,"sceneViewState":{"m_AlwaysRefresh":false,"showFog":true,"showSkybox":false,"showFlares":true,"showImageEffects":true,"showParticleSystems":true,"showVisualEffectGraphs":true,"m_FxEnabled":true},"in2DMode":false,"pivot":{"x":0.6637852787971497,"y":1.104563593864441,"z":-5.957995891571045},"rotation":{"x":0.07069075107574463,"y":0.04104374349117279,"z":-0.002935676136985421,"w":0.9966678023338318},"size":0.8660253882408142,"orthographic":false}