{"cameraMode":{"drawMode":0,"name":"Shaded","section":"Shading Mode"},"sceneLighting":true,"audioPlay":false,"sceneViewState":{"m_AlwaysRefresh":false,"showFog":true,"showSkybox":true,"showFlares":true,"showImageEffects":true,"showParticleSystems":true,"showVisualEffectGraphs":true,"m_FxEnabled":true},"in2DMode":false,"pivot":{"x":119.04457092285156,"y":-14.287130355834961,"z":-34.69779586791992},"rotation":{"x":0.01957976445555687,"y":0.9750066995620728,"z":-0.19957120716571809,"w":0.09565715491771698},"size":37.919219970703128,"orthographic":false}