{"cameraMode":{"drawMode":0,"name":"Shaded","section":"Shading Mode"},"sceneLighting":false,"audioPlay":false,"sceneViewState":{"m_AlwaysRefresh":false,"showFog":true,"showSkybox":false,"showFlares":true,"showImageEffects":true,"showParticleSystems":true,"showVisualEffectGraphs":true,"m_FxEnabled":true},"in2DMode":false,"pivot":{"x":1.9949835538864136,"y":101.15444946289063,"z":1.8931399583816529},"rotation":{"x":0.0570707805454731,"y":-0.9274879097938538,"z":0.14970090985298158,"w":0.33917394280433657},"size":0.11773591488599777,"orthographic":false}