{"cameraMode":{"drawMode":0,"name":"Shaded","section":"Shading Mode"},"sceneLighting":false,"audioPlay":false,"sceneViewState":{"m_AlwaysRefresh":false,"showFog":true,"showSkybox":false,"showFlares":true,"showImageEffects":true,"showParticleSystems":true,"showVisualEffectGraphs":true,"m_FxEnabled":true},"in2DMode":false,"pivot":{"x":0.09270796179771424,"y":0.4456942677497864,"z":0.01804545521736145},"rotation":{"x":0.21183158457279206,"y":0.2922714948654175,"z":-0.06641973555088043,"w":0.9304851293563843},"size":0.7786813378334045,"orthographic":false}