{"cameraMode":{"drawMode":0,"name":"Shaded","section":"Shading Mode"},"sceneLighting":true,"audioPlay":false,"sceneViewState":{"m_AlwaysRefresh":false,"showFog":true,"showSkybox":true,"showFlares":true,"showImageEffects":true,"showParticleSystems":true,"showVisualEffectGraphs":true,"m_FxEnabled":true},"in2DMode":false,"pivot":{"x":1042.109619140625,"y":28.291582107543947,"z":905.5115966796875},"rotation":{"x":0.15632349252700807,"y":-0.2500658631324768,"z":0.040948159992694858,"w":0.9546487927436829},"size":1.218267798423767,"orthographic":false}