{"cameraMode":{"drawMode":0,"name":"Shaded","section":"Shading Mode"},"sceneLighting":false,"audioPlay":false,"sceneViewState":{"m_AlwaysRefresh":false,"showFog":true,"showSkybox":false,"showFlares":true,"showImageEffects":true,"showParticleSystems":true,"showVisualEffectGraphs":true,"m_FxEnabled":true},"in2DMode":false,"pivot":{"x":964.8851318359375,"y":67.13528442382813,"z":1735.678466796875},"rotation":{"x":-0.13192398846149445,"y":-0.0008942174608819187,"z":0.00011894827912328765,"w":-0.9912608861923218},"size":908.6011962890625,"orthographic":false}