{"cameraMode":{"drawMode":0,"name":"Shaded","section":"Shading Mode"},"sceneLighting":false,"audioPlay":false,"sceneViewState":{"m_AlwaysRefresh":false,"showFog":true,"showSkybox":false,"showFlares":true,"showImageEffects":true,"showParticleSystems":true,"showVisualEffectGraphs":true,"m_FxEnabled":true},"in2DMode":false,"pivot":{"x":-1.0114024877548218,"y":3.8352768421173097,"z":0.2471369504928589},"rotation":{"x":-0.012050265446305275,"y":0.812070369720459,"z":0.0168172437697649,"w":0.5832821130752564},"size":1.0222524404525757,"orthographic":false}