{"cameraMode":{"drawMode":0,"name":"Shaded","section":"Shading Mode"},"sceneLighting":true,"audioPlay":false,"sceneViewState":{"m_AlwaysRefresh":false,"showFog":true,"showSkybox":true,"showFlares":true,"showImageEffects":true,"showParticleSystems":true,"showVisualEffectGraphs":true,"m_FxEnabled":true},"in2DMode":false,"pivot":{"x":-5.118203639984131,"y":12.186101913452149,"z":-0.6527862548828125},"rotation":{"x":-0.09270953387022019,"y":-0.09930230677127838,"z":0.009292973205447197,"w":-0.9906867742538452},"size":11.38855266571045,"orthographic":false}