{"cameraMode":{"drawMode":0,"name":"Shaded","section":"Shading Mode"},"sceneLighting":false,"audioPlay":false,"sceneViewState":{"m_AlwaysRefresh":false,"showFog":true,"showSkybox":false,"showFlares":true,"showImageEffects":true,"showParticleSystems":true,"showVisualEffectGraphs":true,"m_FxEnabled":true},"in2DMode":false,"pivot":{"x":31.780729293823243,"y":6.508101463317871,"z":32.86811828613281},"rotation":{"x":0.00180713995359838,"y":-0.010756690055131913,"z":0.00007913087029010057,"w":1.0001815557479859},"size":5.468763828277588,"orthographic":false}