{"cameraMode":{"drawMode":0,"name":"Shaded","section":"Shading Mode"},"sceneLighting":false,"audioPlay":false,"sceneViewState":{"m_AlwaysRefresh":false,"showFog":true,"showSkybox":false,"showFlares":true,"showImageEffects":true,"showParticleSystems":true,"showVisualEffectGraphs":true,"m_FxEnabled":true},"in2DMode":false,"pivot":{"x":774.8246459960938,"y":472.58294677734377,"z":112.54953002929688},"rotation":{"x":-0.09675756841897965,"y":0.13453714549541474,"z":-0.01320145558565855,"w":-0.9860875606536865},"size":201.34402465820313,"orthographic":false}