{"cameraMode":{"drawMode":0,"name":"Shaded","section":"Shading Mode"},"sceneLighting":false,"audioPlay":false,"sceneViewState":{"m_AlwaysRefresh":false,"showFog":true,"showSkybox":false,"showFlares":true,"showImageEffects":true,"showParticleSystems":true,"showVisualEffectGraphs":true,"m_FxEnabled":true},"in2DMode":false,"pivot":{"x":-0.10362669080495835,"y":0.2817583978176117,"z":-0.8870267271995544},"rotation":{"x":0.16586589813232423,"y":0.045006778091192248,"z":-0.0076030828058719639,"w":0.9851105809211731},"size":1.2299293279647828,"orthographic":false}