{"cameraMode":{"drawMode":0,"name":"Shaded","section":"Shading Mode"},"sceneLighting":false,"audioPlay":false,"sceneViewState":{"m_AlwaysRefresh":false,"showFog":true,"showSkybox":false,"showFlares":true,"showImageEffects":true,"showParticleSystems":true,"showVisualEffectGraphs":true,"m_FxEnabled":true},"in2DMode":false,"pivot":{"x":191.33493041992188,"y":13.10780143737793,"z":187.27113342285157},"rotation":{"x":0.24365779757499696,"y":0.42378559708595278,"z":-0.11948859691619873,"w":0.8642131686210632},"size":11.507885932922364,"orthographic":false}