{"cameraMode":{"drawMode":0,"name":"Shaded","section":"Shading Mode"},"sceneLighting":false,"audioPlay":false,"sceneViewState":{"m_AlwaysRefresh":false,"showFog":true,"showSkybox":false,"showFlares":true,"showImageEffects":true,"showParticleSystems":true,"showVisualEffectGraphs":true,"m_FxEnabled":true},"in2DMode":false,"pivot":{"x":0.26787281036376955,"y":3.2194418907165529,"z":-0.47900381684303286},"rotation":{"x":0.13934911787509919,"y":0.010774577967822552,"z":-0.0016540527576580644,"w":0.9902303218841553},"size":3.1567931175231935,"orthographic":false}