{"cameraMode":{"drawMode":0,"name":"Shaded","section":"Shading Mode"},"sceneLighting":false,"audioPlay":false,"sceneViewState":{"m_AlwaysRefresh":false,"showFog":true,"showSkybox":false,"showFlares":true,"showImageEffects":true,"showParticleSystems":true,"showVisualEffectGraphs":true,"m_FxEnabled":true},"in2DMode":false,"pivot":{"x":3.5399999618530275,"y":0.6509627103805542,"z":4.889999866485596},"rotation":{"x":-0.16949674487113954,"y":-0.6647211313247681,"z":0.15866483747959138,"w":-0.7101011276245117},"size":0.8609586358070374,"orthographic":false}